node_id,x_m,y_m
0,632.199,518.683
1,502.478,637.81
2,524.774,515.938
3,589.617,547.176
4,622.67,531.366
5,632.377,543.54
6,582.639,628.574
7,594.314,627.43
8,597.486,505.924
9,621.534,581.03
10,542.323,525.59
11,617.153,580.096
12,629.393,606.625
13,632.613,577.804
14,596.136,584.191
15,535.067,631.992
16,542.571,607.618
17,631.703,589.542
18,518.941,613.741
19,591.849,524.882
20,506.019,573.016
21,503.678,627.601
22,569.472,571.003
23,556.031,590.947
24,626.405,541.854
25,551.08,580.064
26,540.468,581.874
27,574.585,559.366
28,592.645,572.52
29,511.43,637.512
30,548.571,559.128
31,555.109,628.215
32,631.359,570.265
33,554.811,512.603
34,623.495,522.99
35,575.072,547.66
36,544.766,548.78
37,525.747,504.332
38,573.521,609.672
39,589.014,527.169
40,595.479,506.43
41,556.212,614.14
42,627.037,563.128
43,616.699,568.396
44,571.925,580.335
45,636.79,602.423
46,564.858,600.143
47,588.486,548.304
48,608.043,612.988
49,583.647,630.051
50,501.725,568.601
51,587.279,546.472
52,522.987,595.26
53,559.495,536.537
54,505.011,633.438
55,548.096,515.591
56,529.229,534.587
57,619.428,524.275
58,537.56,512.713
59,564.431,528.031
60,546.965,601.205
61,627.598,614.98
62,504.514,551.632
63,617.033,503.777
64,527.405,567.211
65,552.281,603.34
66,598.877,563.667
67,533.764,531.227
68,536.159,508.251
69,591.607,521.102
70,622.65,588.858
71,507.082,568.428
72,582.989,505.065
73,566.758,503.343
74,605.559,499.765
75,586.92,635.994
76,616.677,531.585
77,573.395,518.611
78,546.71,619.104
79,612.701,500.463
80,551.928,588.065
81,523.557,610.604
82,623.159,575.734
83,549.455,616.972
84,570.381,525.343
85,537.754,521.287
86,615.614,569.969
87,595.897,612.649
88,634.36,525.641
89,555.515,620.539
90,604.922,552.879
91,590.221,526.264
92,521.651,506.224
93,551.903,531.949
94,571.054,633.767
95,520.418,576.607
96,619.214,582.258
97,572.374,605.77
98,502.23,630.86
99,594.482,611.163
100,613.74,512.882
101,508.445,523.957
102,569.264,629.442
103,625.411,556.382
104,585.591,601.889
105,545.336,633.905
106,629.921,600.102
107,624.319,610.355
108,589.728,543.802
109,538.255,532.301
110,507.163,627.709
111,540.61,502.514
112,543.075,513.52
113,560.987,545.313
114,523.557,565.373
115,556.781,548.342
116,612.081,541.781
117,574.323,621.059
118,632.317,551.216
119,504.82,631.125
120,570.564,529.402
121,516.993,532.374
122,542.295,518.456
123,506.003,637.224
124,613.051,514.929
125,565.926,610.433
126,569.223,508.806
127,546.343,552.038
128,626.134,580.105
129,562.907,586.736
130,505.95,594.443
131,611.35,592.296
132,549.29,538.894
133,500.609,510.585
134,520.654,562.114
135,607.226,529.338
136,564.762,587.462
137,586.573,502.05
138,626.973,580.436
139,541.291,532.417
140,594.829,628.669
141,546.022,554.452
142,576.528,523.482
143,555.536,626.561
144,576.425,613.437
145,535.546,619.776
146,607.833,530.49
147,572.763,593.849
148,578.714,582.75
149,532.52,576.083
150,548.413,609.957
151,550.932,635.15
152,579.774,530.812
153,556.902,516.977
154,601.41,505.576
155,583.165,541.952
156,607.054,516.8
157,593.644,598.301
158,531.558,517.279
159,550.908,589.281
160,535.416,500.42
161,560.47,611.447
162,521.104,629.771
163,569.742,521.484
164,513.088,550.666
165,565.324,523.584
166,510.873,568.775
167,534.457,560.875
168,561.765,595.989
169,579.368,530.89
170,524.141,618.384
171,506.209,516.293
172,508.902,613.889
173,574.287,627.417
174,586.126,545.754
175,558.951,600.853
176,531.294,610.662
177,555.762,505.052
178,546.902,576.968
179,519.545,624.872
180,627.749,570.173
181,624.756,594.964
182,573.88,521.146
183,631.452,626.842
184,561.935,552.619
185,509.421,585.142
186,617.859,553.176
187,539.28,584.274
188,609.317,522.755
189,538.39,588.35
190,504.936,612.573
191,542.997,614.698
192,562.335,522.179
193,501.892,514.924
194,535.331,604.352
195,609.409,586.814
196,541.831,591.366
197,600.871,550.19
198,510.52,564.285
199,530.012,525.385
200,553.411,509.568
201,623.833,538.169
202,623.902,601.547
203,500.699,624.016
204,611.547,572.126
205,621.938,565.597
206,502.689,520.011
207,542.306,618.292
208,614.331,515.571
209,547.765,514.683
210,530.904,548.077
211,556.723,520.006
212,590.476,532.808
213,622.742,566.022
214,558.83,605.494
215,547.078,534.845
216,516.212,540.111
217,531.758,601.246
218,548.465,597.309
219,537.447,508.896
220,541.515,553.701
221,625.525,526.864
222,528.577,520.848
223,534.349,632.495
224,628.544,530.787
225,506.117,566.725
226,580.348,514.695
227,557.237,605.888
228,499.386,598.941
229,594.266,608.358
230,566.775,563.597
231,571.173,518.119
232,570.529,532.438
233,543.754,505.414
234,521.199,506.869
235,574.291,531.999
236,576.321,569.097
237,531.54,516.841
238,581.924,593.111
239,595.019,569.668
240,579.705,502.601
241,541.723,610.325
242,551.555,513.639
243,557.619,614.961
244,512.819,514.721
245,568.365,620.298
246,553.392,533.625
247,605.792,512.29
248,540.202,582.254
249,617.099,618.717
250,544.415,536.158
251,549.637,516.068
252,537.043,605.601
253,635.079,536.704
254,509.249,601.835
255,633.302,609.428
256,556.478,602.475
257,604.762,602.466
258,567.603,637.856
259,607.57,531.827
260,558.985,511.573
261,551.204,612.641
262,566.692,571.965
263,607.327,511.307
264,548.294,566.295
265,567.749,594.245
266,629.25,610.447
267,574.918,594.129
268,573.945,636.091
269,581.997,581.655
270,554.155,557.398
271,605.246,550.959
272,624.646,600.218
273,631.772,597.283
274,578.315,550.117
275,501.701,591.017
276,603.487,599.576
277,604.565,504.169
278,594.15,538.035
279,553.133,619.751
280,555.407,564.008
281,506.238,524.387
282,528.375,529.057
283,571.736,505.801
284,511.56,511.164
285,601.015,633.895
286,603.305,570.667
287,517.317,608.014
288,517.176,509.855
289,570.193,618.899
290,542.32,619.034
291,545.304,633.338
292,601.726,619.25
293,635.851,612.582
294,526.437,570.815
295,574.805,599.465
296,531.078,579.286
297,538.639,524.768
298,561.612,610.731
299,576.073,548.419
300,530.543,549.016
301,554.581,536.911
302,542.366,530.738
303,540.018,592.657
304,585.972,586.17
305,627.437,591.621
306,517.253,555.23
307,571.96,602.795
308,572.796,512.09
309,565.267,590.127
310,608.194,561.095
311,528.879,503.891
312,569.028,603.287
313,514.526,571.789
314,582.044,576.919
315,531.347,511.972
316,502.189,541.57
317,623.675,557.396
318,636.183,613.637
319,580.242,560.256
320,577.251,615.771
321,545.604,520.875
322,623.938,586.782
323,551.641,554.701
324,513.239,577.934
325,608.308,568.41
326,595.993,601.705
327,545.136,587.73
328,634.136,598.514
329,524.6,591.165
330,588.678,606.849
331,596.634,625.859
332,634.698,528.278
333,565.76,505.514
334,636.083,513.994
335,558.376,584.754
336,558.769,523.008
337,568.932,530.202
338,567.208,598.459
339,540.712,561.187
340,586.908,573.023
341,610.363,622.927
342,633.414,522.117
343,566.176,515.593
344,596.139,554.177
345,617.109,566.296
346,609.993,503.475
347,584.291,556.581
348,614.79,513.518
349,511.544,594.648
350,544.485,559.562
351,555.291,635.981
352,585.786,614.772
353,615.676,618.259
354,561.266,539.463
355,570.696,623.339
356,621.799,565.558
357,625.064,605.032
358,504.806,587.145
359,609.37,505.256
360,551.6,588.774
361,569.579,572.764
362,511.711,535.516
363,619.778,547.672
364,565.697,581.143
365,538.428,556.71
366,569.376,619.803
367,616.129,523.753
368,569.048,603.571
369,623.642,572.866
370,586.858,588.809
371,591.854,623.208
372,635.988,636.803
373,516.488,598.675
374,553.045,538.029
375,513.049,625.608
376,623.243,572.581
377,568.271,527.683
378,627.906,604.322
379,522.413,578.865
380,637.422,535.743
381,550.996,549.628
382,550.794,515.507
383,586.398,533.174
384,593.644,564.153
385,616.189,602.832
386,618.33,520.735
387,609.488,606.708
388,539.717,499.326
389,512.972,606.389
390,633.57,508.551
391,532.955,555.022
392,508.673,588.194
393,618.267,616.085
394,523.995,625.574
395,608.234,520.85
396,617.643,628.359
397,621.225,603.453
398,612.565,573.396
399,500.407,593.414
400,568.538,519.787
401,517.717,622.017
402,624.703,506.297
403,501.801,596.049
404,539.674,619.933
405,563.361,598.047
406,505.674,606.983
407,526.887,558.805
408,566.651,544.282
409,532.963,561.338
410,506.36,521.048
411,517.278,617.739
412,542.48,635.764
413,624.183,522.132
414,618.001,636.174
415,560.646,566.262
416,592.781,567.263
417,535.698,600.876
418,529.704,552.545
419,502.341,544.131
420,611.094,518.356
421,525.555,554.084
422,540.5,500.109
423,506.748,527.105
424,609.24,606.966
425,611.107,595.694
426,637.744,534.995
427,597.435,561.588
428,632.522,560.653
429,599.66,606.88
430,632.984,605.372
431,544.658,589.317
432,609.775,629.613
433,533.466,600.564
434,599.326,521.162
435,515.728,577.227
436,582.284,544.814
437,585.023,519.708
438,578.668,573.396
439,614.579,599.167
440,510.239,576.458
441,516.814,572.261
442,593.367,596.938
443,500.476,573.043
444,523.45,569.53
445,567.63,566.968
446,605.189,540.544
447,565.332,533.381
448,526.663,586.904
449,521.182,610.218
450,551.185,514.933
451,608.436,502.137
452,540.183,590.107
453,501.396,596.528
454,577.245,634.675
455,542.58,614.309
456,635.291,568.475
457,509.8,546.58
458,612.149,499.218
459,587.104,571.471
460,601.933,550.586
461,629.097,515.079
462,557.017,541.676
463,576.822,529.361
464,552.918,561.583
465,627.288,503.115
466,538.576,519.71
467,598.45,606.274
468,501.463,607.886
469,621.485,563.459
470,581.859,609.221
471,627.896,530.484
472,597.469,510.173
473,549.774,625.614
474,586.361,573.268
475,561.065,562.54
476,503.508,577.051
477,629.82,515.621
478,504.007,585.922
479,613.382,558.85
480,510.834,588.691
481,590.355,531.441
482,612.154,574.558
483,608.344,531.85
484,549.478,591.193
485,591.968,616.832
486,630.125,599.202
487,500.563,563.832
488,591.67,607.389
489,542.815,507.571
490,579.773,525.989
491,570.885,531.108
492,621.153,503.39
493,576.673,621.163
494,588.388,519.398
495,575.214,613.833
496,586.828,624.984
497,612.349,552.299
498,516.358,595.127
499,565.922,612.727
500,560.946,598.984
501,519.171,604.123
502,619.31,611.645
503,606.821,592.385
504,522.892,544.928
505,538.145,539.731
506,580.345,549.555
507,590.599,622.888
508,637.066,499.735
509,583.821,579.613
510,559.197,601.205
511,621.385,533.216
512,587.443,521.156
513,560.306,548.381
514,613.013,625.571
515,620.002,571.686
516,597.768,589.52
517,574.32,518.106
518,536.558,631.953
519,581.812,515.177
520,548.595,517.759
521,516.592,552.028
522,539.71,501.808
523,567.977,628.108
524,563.404,554.712
525,552.155,536.172
526,544.597,526.185
527,558.775,626.266
528,549.965,621.352
529,568.481,587.531
530,566.09,553.619
531,622.069,581.241
532,525.625,541.779
533,553.759,577.77
534,551.552,536.058
535,541.4,637.101
536,601.835,619.101
537,623.429,518.863
538,573.612,599.682
539,566.791,572.715
540,587.005,587.019
541,523.616,506.743
542,537.03,504.094
543,542.143,504.582
544,513.769,590.361
545,526.284,598.257
546,557.384,615.241
547,576.627,620.176
548,558.189,557.297
549,628.086,594.277
550,558.642,620.164
551,600.348,588.722
552,503.016,622.57
553,514.045,501.52
554,546.24,526.118
555,532.676,566.57
556,569.078,593.597
557,619.341,595.628
558,619.43,558.972
559,519.743,597.79
560,637.339,522.711
561,584.398,552.907
562,635.666,503.743
563,565.561,548.967
564,550.451,602.37
565,499.275,537.438
566,633.432,563.013
567,501.104,585.031
568,590.37,628.083
569,621.998,630.844
570,535.944,543.326
571,595.901,547.22
572,551.347,504.689
573,526.735,517.748
574,550.922,596.468
575,526.093,539.129
576,510.651,555.711
577,580.793,582.597
578,588.935,573.666
579,595.787,610.336
580,615.785,499.299
581,628.331,565.767
582,637.008,605.006
583,563.336,505.508
584,512.674,606.948
585,500.136,506.182
586,596.159,583.474
587,593.048,508.578
588,632.222,603.17
589,500.823,578.299
590,544.504,531.492
591,584.413,635.628
592,503.57,610.906
593,628.566,511.278
594,623.742,501.197
595,543.883,502.443
596,523.853,523.055
597,577.16,559.641
598,633.506,604.026
599,509.572,508.97
600,537.914,612.319
601,610.502,615.548
602,619.397,600.673
603,576.826,616.002
604,613.47,612.685
605,621.27,573.023
606,511.243,585.889
607,596.456,630.897
608,602.884,623.521
609,625.878,544.688
610,627.726,578.218
611,559.367,560.906
612,568.111,556.708
613,599.405,534.783
614,559.712,589.403
615,633.897,600.586
616,576.245,551.225
617,590.834,627.513
618,501.645,552.851
619,538.564,606.829
620,591.777,499.594
621,623.699,555.859
622,518.452,512.919
623,509.1,533.636
624,510.595,597.058
625,518.313,559.232
626,590.464,560.475
627,539.648,562.113
628,563.064,579.517
629,581.074,543.087
630,593.698,617.759
631,633.398,585.115
632,540.031,499.279
633,558.855,636.591
634,636.564,597.612
635,526.089,527.355
636,520.697,559.313
637,631.31,528.138
638,612.512,575.375
639,536.28,562.169
640,36.168,405.477
641,577.008,208.037
642,618.668,185.751
643,226.846,444.129
644,138.161,25.537
645,319.725,314.024
646,105.195,112.555
647,73.979,123.055
648,97.493,415.715
649,568.435,382.357
650,147.322,353.092
651,609.279,230.388
652,465.861,5.416
653,489.007,548.546
654,347.504,571.677
655,381.266,499.502
656,313.652,245.498
657,174.747,358.731
658,492.544,24.188
659,428.684,23.283
660,411.403,457.134
661,585.104,417.177
662,416.358,436.159
663,430.389,443.275
664,435.182,540.93
665,229.089,607.845
666,124.482,30.28
667,34.731,350.857
668,546.799,80.292
669,565.02,319.567
670,424.141,106.883
671,633.449,296.701
672,154.612,398.162
673,30.952,415.627
674,535.555,80.914
675,162.868,176.413
676,126.097,396.516
677,520.126,292.942
678,444.146,578.98
679,522.377,243.517
680,570.917,120.956
681,525.518,56.145
682,205.296,67.702
683,360.605,72.87
684,388.419,108.048
685,429.672,317.248
686,200.364,91.261
687,483.709,124.732
688,213.253,586.335
689,562.006,461.562
690,407.392,538.08
691,533.726,530.76
692,480.589,266.196
693,483.742,252.75
694,360.206,18.237
695,101.636,430.711
696,56.224,64.954
697,558.118,572.27
698,620.9,503.856
699,193.091,387.154
700,330.491,54.603
701,103.161,392.023
702,271.555,367.869
703,588.674,48.076
704,102.467,623.81
705,76.019,236.363
706,354.103,171.081
707,246.347,107.287
708,516.719,145.52
709,461.088,294.019
710,323.162,52.78
711,565.602,11.466
712,553.169,13.684
713,245.103,284.819
714,390.788,170.816
715,636.067,221.147
716,141.769,469.882
717,420.442,388.297
718,608.526,563.423
719,196.303,571.979
720,569.228,37.505
721,327.717,554.018
722,257.831,215.79
723,310.951,538.937
724,9.597,420.093
725,452.171,610.098
726,413.14,171.849
727,415.33,466.598
728,84.093,498.762
729,383.741,377.647
730,414.693,394.862
731,96.886,96.213
732,3.659,204.095
733,140.781,380.546
734,63.556,84.803
735,331.534,502.459
736,309.902,38.329
737,592.326,357.692
738,583.692,479.788
739,577.421,523.647
740,477.761,552.64
741,430.149,620.949
742,585.51,107.53
743,306.54,603.213
744,432.638,395.52
745,267.217,54.944
746,272.301,6.848
747,107.65,293.987
748,284.326,405.01
749,378.068,487.493
750,363.525,507.163
751,25.577,296.566
752,599.859,475.7
753,531.484,618.936
754,103.656,314.461
755,564.84,206.217
756,330.61,121.382
757,48.063,580.196
758,470.581,497.081
759,571.207,355.916
760,537.09,497.241
761,292.545,299.649
762,131.865,281.774
763,538.367,23.087
764,604.381,131.108
765,323.125,191.0
766,24.637,395.967
767,116.861,260.384
768,532.061,289.133
769,221.25,88.465
770,13.242,516.943
771,310.642,195.686
772,484.268,337.592
773,147.588,613.682
774,262.691,213.227
775,625.766,267.934
776,298.962,531.504
777,414.051,161.076
778,33.321,43.098
779,94.203,474.548
780,240.221,340.073
781,184.163,28.161
782,628.835,424.946
783,439.831,402.606
784,33.625,525.555
785,555.676,149.158
786,547.852,615.12
787,111.488,581.679
788,30.348,478.534
789,622.905,92.263
790,286.061,14.52
791,341.372,36.533
792,314.871,121.623
793,122.902,426.952
794,153.643,99.426
795,184.666,242.281
796,431.015,371.608
797,370.477,443.43
798,174.479,434.677
799,42.081,61.72
800,362.057,415.028
801,178.118,627.378
802,74.754,518.335
803,348.017,380.58
804,273.045,41.335
805,281.579,435.363
806,474.156,522.559
807,193.831,327.981
808,77.843,277.314
809,269.113,506.36
810,61.652,33.42
811,398.857,505.855
812,48.308,437.569
813,97.55,545.269
814,407.107,131.624
815,242.237,534.046
816,606.149,24.771
817,276.78,75.58
818,615.262,605.754
819,268.875,542.103
820,162.683,538.278
821,117.929,197.57
822,338.418,474.576
823,302.618,70.328
824,23.107,102.822
825,182.008,416.02
826,121.368,580.948
827,414.579,199.219
828,366.622,539.774
829,165.532,425.292
830,409.334,527.4
831,423.0,41.096
832,551.516,137.555
833,390.235,77.842
834,503.313,527.268
835,514.798,447.067
836,582.562,340.859
837,545.282,180.617
838,88.454,149.474
839,256.832,496.938
840,493.356,194.49
841,493.109,572.743
842,252.103,440.329
843,188.082,251.783
844,133.29,205.131
845,52.632,249.791
846,508.601,119.169
847,137.997,576.845
848,223.555,158.633
849,108.535,24.416
850,559.366,463.626
851,615.606,563.302
852,399.159,604.555
853,161.792,463.598
854,518.188,98.67
855,588.154,621.167
856,140.052,107.597
857,69.983,122.685
858,219.322,510.742
859,142.671,147.229
860,434.832,515.835
861,4.702,503.911
862,433.768,200.725
863,300.109,38.54
864,281.383,3.632
865,478.204,330.881
866,112.778,137.016
867,374.204,186.5
868,486.502,375.063
869,491.134,76.713
870,132.094,601.542
871,460.403,272.49
872,637.504,38.754
873,386.905,84.276
874,198.378,133.678
875,251.107,35.76
876,115.837,433.527
877,109.656,314.331
878,621.526,497.95
879,65.023,469.452
880,372.038,345.5
881,509.725,610.931
882,232.222,525.386
883,131.313,353.932
884,564.631,501.454
885,222.526,566.486
886,372.275,568.986
887,512.375,287.287
888,226.309,85.962
889,565.929,82.948
890,54.001,195.704
891,88.71,150.126
892,444.64,207.913
893,546.097,247.142
894,553.748,527.408
895,168.996,361.775
896,432.714,111.697
897,25.183,556.034
898,11.0,122.793
899,85.65,535.754
900,415.956,325.909
901,319.984,614.339
902,135.039,528.982
903,187.994,169.918
904,440.876,265.168
905,370.478,442.803
906,36.426,249.214
907,258.709,525.355
908,498.595,280.47
909,253.637,497.12
910,470.215,30.038
911,517.387,550.298
912,182.844,428.659
913,306.673,167.523
914,42.592,346.323
915,466.769,263.828
916,410.137,117.411
917,530.118,471.476
918,317.074,69.749
919,3.047,259.446
920,159.599,26.997
921,202.871,593.855
922,331.503,436.444
923,275.52,195.044
924,106.608,361.15
925,441.7,333.637
926,296.968,377.273
927,130.928,596.622
928,551.205,104.948
929,548.606,451.438
930,23.734,493.403
931,519.798,192.036
932,127.865,309.719
933,26.383,96.301
934,449.081,242.836
935,255.669,581.145
936,509.461,189.792
937,34.287,27.249
938,424.374,353.706
939,630.556,344.359
940,391.481,508.948
941,327.091,318.522
942,230.518,316.555
943,449.796,311.934
944,477.528,241.619
945,397.38,266.9
946,359.598,492.144
947,72.404,22.716
948,140.677,149.416
949,94.473,361.165
950,290.749,289.444
951,491.343,77.394
952,589.007,500.048
953,164.313,481.166
954,546.635,2.967
955,222.367,454.441
956,214.495,110.893
957,183.732,185.704
958,460.446,322.49
959,223.336,626.166
960,219.76,350.635
961,576.271,627.632
962,270.666,246.488
963,392.992,338.33
964,347.973,351.799
965,124.687,108.168
966,357.414,149.038
967,296.318,26.209
968,229.727,104.849
969,312.77,576.78
970,110.406,135.743
971,214.965,185.739
972,60.209,54.658
973,433.114,544.855
974,8.078,487.181
975,508.803,474.586
976,481.598,62.574
977,189.999,543.216
978,331.249,496.977
979,164.26,541.931
980,570.877,108.725
981,468.391,637.195
982,33.513,152.345
983,578.372,446.736
984,229.646,109.544
985,575.034,30.697
986,635.603,25.718
987,213.104,318.681
988,375.368,522.88
989,265.412,597.02
990,208.069,228.327
991,632.413,207.758
992,316.719,45.527
993,510.7,333.04
994,549.294,430.521
995,265.966,33.827
996,224.16,311.335
997,244.554,288.567
998,153.506,143.978
999,587.286,507.232
1000,237.261,526.597
1001,53.664,410.699
1002,178.81,185.885
1003,320.56,367.574
1004,189.992,160.894
1005,250.66,526.305
1006,587.319,566.965
1007,466.598,616.413
1008,28.446,561.159
1009,234.57,23.579
1010,134.494,549.448
1011,424.148,55.952
1012,203.407,590.009
1013,634.965,613.803
1014,569.693,592.505
1015,562.818,298.813
1016,164.254,349.696
1017,27.487,351.553
1018,179.19,135.254
1019,275.33,426.775
1020,309.57,73.711
1021,624.386,141.98
1022,370.801,533.832
1023,434.787,282.184
1024,565.853,62.09
1025,342.473,81.676
1026,322.23,191.41
1027,531.237,290.273
1028,119.164,113.248
1029,82.965,318.201
1030,550.167,584.111
1031,480.81,53.431
1032,405.938,161.998
1033,82.483,71.214
1034,493.788,43.95
1035,553.169,209.141
1036,239.263,577.332
1037,115.458,272.596
1038,544.976,405.538
1039,153.769,65.545
1040,522.26,396.65
1041,604.603,116.712
1042,182.325,447.459
1043,203.189,624.553
1044,195.053,77.577
1045,315.327,57.702
1046,245.937,596.983
1047,419.028,275.569
1048,424.758,527.251
1049,37.667,611.118
1050,575.596,264.247
1051,131.741,454.487
1052,351.661,74.873
1053,385.515,325.288
1054,381.418,17.671
1055,348.469,287.076
1056,550.732,457.643
1057,458.077,364.536
1058,149.296,530.555
1059,167.315,610.971
1060,338.843,263.396
1061,253.644,301.709
1062,322.91,101.467
1063,264.578,28.614
1064,359.08,75.628
1065,145.003,17.297
1066,325.462,22.798
1067,307.291,422.411
1068,80.986,217.349
1069,192.588,285.7
1070,200.773,237.591
1071,550.31,14.663
1072,588.261,578.391
1073,407.508,485.412
1074,467.244,270.558
1075,107.467,73.584
1076,385.912,434.085
1077,455.122,628.071
1078,188.713,383.681
1079,177.031,555.52
1080,43.046,386.78
1081,555.442,152.052
1082,621.872,266.627
1083,635.287,195.492
1084,577.974,230.229
1085,525.432,582.466
1086,367.718,476.171
1087,480.66,578.857
1088,519.449,403.205
1089,459.982,374.125
1090,164.403,14.556
1091,590.548,77.005
1092,270.638,120.62
1093,148.257,113.073
1094,347.365,80.913
1095,550.048,387.762
1096,84.207,130.193
1097,473.426,614.566
1098,261.569,15.301
1099,162.621,363.425
1100,236.132,465.62
1101,37.121,627.586
1102,55.523,412.826
1103,323.075,555.98
1104,274.686,231.979
1105,225.901,586.43
1106,437.516,225.317
1107,268.129,239.152
1108,66.262,611.269
1109,547.506,609.585
1110,330.352,36.444
1111,60.889,141.428
1112,305.312,198.502
1113,614.895,569.762
1114,284.129,203.663
1115,233.657,278.795
1116,275.942,64.672
1117,534.237,455.832
1118,637.364,189.713
1119,278.967,500.696
1120,268.156,567.844
1121,474.304,185.851
1122,459.264,283.739
1123,596.517,142.398
1124,156.166,202.966
1125,51.897,79.588
1126,543.588,347.498
1127,507.259,487.266
1128,407.433,253.347
1129,557.683,202.288
1130,570.208,45.908
1131,391.097,617.355
1132,339.078,232.043
1133,305.612,277.231
1134,106.073,272.713
1135,130.644,312.291
1136,346.34,362.61
1137,448.422,12.072
1138,51.483,236.71
1139,50.655,485.636
1140,456.992,134.676
1141,348.011,180.31
1142,221.568,413.919
1143,312.549,58.055
1144,38.0,372.425
1145,540.943,396.8
1146,340.771,338.948
1147,322.389,482.239
1148,349.469,267.19
1149,168.182,246.179
1150,305.028,340.396
1151,36.549,254.055
1152,594.085,271.152
1153,487.294,408.06
1154,617.766,356.931
1155,65.533,362.168
1156,609.541,618.549
1157,417.408,236.423
1158,413.539,59.124
1159,506.031,503.312
1160,203.536,496.813
1161,578.884,563.91
1162,538.743,444.074
1163,319.123,344.078
1164,291.849,194.24
1165,301.421,57.031
1166,293.279,440.963
1167,185.351,560.256
1168,569.917,597.589
1169,368.538,553.123
1170,70.3,105.363
1171,72.94,235.398
1172,11.682,227.444
1173,565.87,329.774
1174,63.663,346.76
1175,391.128,437.789
1176,99.979,169.651
1177,248.998,335.498
1178,527.185,310.388
1179,435.476,345.255
1180,247.376,65.134
1181,598.16,564.524
1182,460.499,375.228
1183,517.977,138.615
1184,37.596,326.044
1185,221.538,99.342
1186,185.726,620.148
1187,484.562,35.841
1188,170.885,498.182
1189,426.865,161.964
1190,361.869,570.733
1191,8.924,599.357
1192,190.875,136.033
1193,304.402,304.095
1194,87.393,158.681
1195,450.605,179.358
1196,48.802,288.3
1197,332.868,544.893
1198,418.958,417.09
1199,564.209,391.89
1200,368.023,391.556
1201,270.772,487.389
1202,289.866,605.557
1203,380.602,585.751
1204,92.136,464.751
1205,137.295,331.094
1206,240.088,20.781
1207,514.057,375.313
1208,199.701,378.714
1209,556.746,72.632
1210,186.093,532.783
1211,634.905,552.435
1212,204.098,174.645
1213,107.138,68.511
1214,114.932,311.074
1215,435.23,4.124
1216,140.224,509.8
1217,495.646,177.453
1218,618.772,133.215
1219,126.863,249.059
1220,310.59,615.608
1221,148.138,551.819
1222,385.975,578.991
1223,544.336,593.5
1224,403.164,411.089
1225,308.061,231.98
1226,426.094,89.341
1227,135.524,619.098
1228,271.906,289.078
1229,394.382,212.965
1230,152.576,461.63
1231,245.326,566.487
1232,337.665,224.03
1233,240.227,413.065
1234,60.898,580.272
1235,107.707,437.972
1236,12.928,374.163
1237,120.769,457.068
1238,281.298,613.175
1239,147.341,603.274
1240,487.584,273.675
1241,506.496,279.342
1242,236.658,473.513
1243,519.229,264.698
1244,452.186,93.43
1245,547.226,602.849
1246,618.235,256.498
1247,462.223,441.96
1248,108.059,61.893
1249,419.433,624.449
1250,444.977,374.388
1251,605.851,126.644
1252,614.124,69.215
1253,522.037,158.45
1254,481.645,256.998
1255,600.597,342.254
1256,489.507,94.097
1257,557.171,182.046
1258,488.926,156.762
1259,50.076,92.314
1260,304.259,6.056
1261,156.012,32.781
1262,140.157,313.471
1263,109.118,427.473
1264,174.446,247.881
1265,309.222,384.805
1266,293.948,42.647
1267,426.094,324.826
1268,109.518,374.355
1269,4.971,390.208
1270,191.87,421.632
1271,59.918,395.321
1272,270.315,2.654
1273,333.488,70.925
1274,547.106,194.411
1275,121.936,261.373
1276,409.355,339.082
1277,453.216,412.686
1278,633.012,398.469
1279,217.359,597.986
1280,295.254,183.604
1281,5.852,454.511
1282,383.99,86.787
1283,604.844,97.974
1284,378.136,374.357
1285,276.831,243.375
1286,405.819,339.505
1287,219.613,221.76
1288,320.499,272.301
1289,212.716,562.135
1290,421.593,634.584
1291,122.057,499.636
1292,391.328,208.479
1293,327.258,508.161
1294,345.726,153.338
1295,184.416,511.393
1296,63.384,83.05
1297,435.541,400.907
1298,548.163,281.871
1299,211.82,620.47
1300,191.598,450.802
1301,58.43,266.102
1302,302.741,329.424
1303,26.726,538.134
1304,614.448,468.974
1305,519.245,584.967
1306,619.954,540.613
1307,272.481,64.843
1308,241.076,37.604
1309,323.593,586.624
1310,565.487,145.204
1311,418.07,175.547
1312,509.188,122.277
1313,70.233,357.717
1314,615.526,281.378
1315,321.394,542.158
1316,377.889,463.024
1317,355.991,239.019
1318,291.173,332.753
1319,90.849,166.421
1320,97.51,423.058
1321,290.298,380.917
1322,249.626,468.744
1323,498.745,52.115
1324,33.447,532.146
1325,142.052,631.477
1326,213.324,180.219
1327,30.541,368.2
1328,377.996,35.296
1329,468.15,33.634
1330,304.159,582.307
1331,24.341,557.788
1332,487.973,201.638
1333,395.039,104.66
1334,440.795,623.789
1335,215.812,15.177
1336,14.448,234.949
1337,418.64,635.602
1338,578.155,526.605
1339,394.886,469.391
1340,404.12,85.251
1341,512.81,246.613
1342,101.741,618.319
1343,517.362,66.079
1344,337.344,23.358
1345,520.5,213.125
1346,286.297,441.674
1347,464.477,31.634
1348,383.883,238.279
1349,205.332,551.88
1350,439.094,468.635
1351,166.901,246.454
1352,330.653,324.682
1353,306.358,544.942
1354,127.063,80.114
1355,328.776,368.277
1356,538.283,186.086
1357,632.662,116.209
1358,284.229,206.818
1359,108.784,156.294
1360,245.112,139.007
1361,133.459,471.07
1362,193.067,581.104
1363,221.201,24.047
1364,112.535,548.451
1365,362.682,591.368
1366,275.332,217.436
1367,264.488,292.335
1368,476.932,611.641
1369,453.315,512.433
1370,210.96,296.501
1371,5.296,569.929
1372,578.86,456.785
1373,218.196,222.317
1374,372.776,219.864
1375,305.461,128.06
1376,519.414,588.762
1377,448.136,572.525
1378,594.355,318.135
1379,24.474,441.873
1380,280.723,228.234
1381,169.417,364.99
1382,550.336,205.395
1383,369.938,287.146
1384,531.521,325.708
1385,614.479,45.574
1386,610.624,209.696
1387,497.477,278.172
1388,182.872,564.904
1389,388.525,104.555
1390,393.858,334.242
1391,624.9,328.717
1392,385.803,431.726
1393,8.962,290.379
1394,603.802,337.619
1395,164.828,159.382
1396,209.487,299.965
1397,183.771,332.835
1398,105.794,60.506
1399,44.125,260.158
1400,113.75,177.478
1401,128.743,245.06
1402,436.532,12.712
1403,192.791,545.429
1404,30.384,607.093
1405,72.065,212.892
1406,595.494,492.172
1407,163.523,284.199
1408,218.847,369.467
1409,25.844,484.806
1410,280.751,547.648
1411,80.051,110.617
1412,527.736,430.91
1413,246.683,423.361
1414,34.122,159.893
1415,105.23,617.59
1416,576.523,581.349
1417,400.915,636.8
1418,189.47,195.672
1419,563.668,526.598
1420,504.018,446.828
1421,426.769,17.07
1422,196.9,227.593
1423,543.123,185.223
1424,397.76,428.944
1425,279.256,248.301
1426,202.626,274.638
1427,325.336,121.168
1428,525.183,163.499
1429,257.673,24.753
1430,193.593,427.888
1431,383.183,528.043
1432,418.291,211.482
1433,624.304,512.745
1434,468.797,578.473
1435,503.816,290.774
1436,626.502,298.141
1437,263.725,122.079
1438,122.933,313.973
1439,474.916,253.848
1440,476.676,142.899
1441,10.506,636.061
1442,117.555,364.071
1443,243.793,172.571
1444,61.394,412.211
1445,327.391,210.204
1446,409.786,580.604
1447,210.014,420.735
1448,475.994,72.319
1449,468.069,467.138
1450,512.35,21.802
1451,603.391,353.605
1452,300.831,332.995
1453,531.349,141.879
1454,84.822,31.839
1455,227.908,5.292
1456,408.578,149.766
1457,414.061,179.2
1458,149.089,222.253
1459,54.376,309.625
1460,113.168,321.472
1461,99.635,120.464
1462,373.224,503.863
1463,382.197,74.315
1464,304.258,467.5
1465,430.013,543.971
1466,470.208,594.918
1467,133.257,288.719
1468,335.161,14.308
1469,27.752,126.024
1470,197.268,511.527
1471,146.053,385.559
1472,307.707,537.366
1473,75.693,98.22
1474,86.718,182.172
1475,206.631,191.968
1476,244.608,77.239
1477,30.764,113.203
1478,510.078,389.845
1479,415.554,527.167
1480,424.903,84.212
1481,331.386,291.324
1482,502.611,523.788
1483,471.744,333.628
1484,329.159,201.098
1485,294.189,28.61
1486,347.487,208.034
1487,579.257,602.368
1488,66.611,386.989
1489,203.082,456.342
1490,590.704,598.948
1491,175.434,202.429
1492,346.664,471.79
1493,43.158,284.064
1494,351.041,504.428
1495,539.746,412.016
1496,404.449,279.418
1497,474.8,286.887
1498,249.043,442.4
1499,521.357,594.874
1500,395.906,394.658
1501,54.36,599.357
1502,35.129,510.98
1503,26.749,363.847
1504,248.336,509.153
1505,32.856,344.345
1506,387.09,220.291
1507,218.69,554.302
1508,568.266,465.59
1509,431.441,319.832
1510,427.812,522.213
1511,46.734,16.452
1512,598.949,309.066
1513,184.162,128.572
1514,124.97,310.963
1515,23.037,132.246
1516,614.008,559.213
1517,574.051,167.385
1518,194.83,555.636
1519,509.103,185.852
1520,525.092,105.716
1521,633.723,433.022
1522,231.447,540.84
1523,426.337,494.451
1524,446.934,31.459
1525,549.483,629.238
1526,72.089,597.927
1527,607.986,590.652
1528,524.961,470.43
1529,90.554,594.555
1530,298.55,510.636
1531,189.433,557.03
1532,6.229,320.322
1533,555.051,408.959
1534,352.033,541.002
1535,505.864,226.864
1536,391.593,460.268
1537,505.42,79.589
1538,275.92,608.771
1539,25.41,364.65
1540,386.597,301.56
1541,128.746,227.008
1542,311.365,629.68
1543,457.599,41.054
1544,359.144,340.851
1545,606.081,609.326
1546,544.206,558.968
1547,461.715,541.174
1548,578.285,523.703
1549,176.673,380.945
1550,32.319,311.707
1551,304.755,517.191
1552,232.482,104.09
1553,156.337,591.053
1554,472.835,400.132
1555,73.463,438.611
1556,206.402,469.125
1557,528.309,526.202
1558,310.219,14.147
1559,570.811,143.001
1560,394.665,68.979
1561,431.035,165.081
1562,145.924,320.257
1563,296.316,502.2
1564,607.731,257.835
1565,155.636,568.35
1566,619.62,154.393
1567,184.426,275.087
1568,347.63,497.57
1569,296.555,458.822
1570,354.248,300.064
1571,345.676,590.212
1572,94.485,3.973
1573,205.242,494.712
1574,391.359,141.878
1575,417.845,579.5
1576,577.891,206.749
1577,590.723,113.359
1578,17.316,619.872
1579,371.524,502.969
1580,217.701,52.593
1581,69.034,155.555
1582,530.994,229.905
1583,28.366,152.665
1584,558.558,149.361
1585,557.983,376.512
1586,602.774,143.456
1587,289.257,572.927
1588,618.448,105.285
1589,79.035,589.911
1590,520.295,148.828
1591,467.176,260.569
1592,355.384,368.64
1593,600.324,344.499
1594,127.799,134.319
1595,215.184,44.79
1596,12.319,109.222
1597,131.893,403.722
1598,85.34,349.214
1599,581.985,48.005
